Tên sản phẩm,Size,Color,Giá sản phẩm,Ảnh sản phẩm 1,Ảnh sản phẩm 2,Ảnh sản phẩm 3,Ảnh sản phẩm 4,Danh mục,Thương hiệu,Gửi từ,Đánh giá sản phẩm,Link sản phẩm
Áo thun nam áo phông nam tay ngắn cổ tròn chất thun cotton co giãn 4 chiều hình wantelu alex cool,M 40kg- 57kg L 58-68kg XL 69- 70kg 2XL 71-82kg,wante-TRẮNG wante-ĐEN wante BE wante-CAM wante-XANH naruto vàng Áo micky trắng Áo micky đen Áo cá mập bia ĐEN Áo cá mập bia Trắng Áo thành phố ĐEN Áo thành phố TRẮNG,₫59.000,https://cf.shopee.vn/file/9150bf1e329c6dcc8c31a3d4d69a8006_tn,https://cf.shopee.vn/file/6aba1d32171c02c7e0c3d59a5f75fbb8_tn,https://cf.shopee.vn/file/f13b88a7bb12674769363f2d973f9d29_tn,https://cf.shopee.vn/file/77525d155b4877001c092dd6ae7e9710_tn,Áo Thun,,Huyện Quốc Oai Hà Nội,4.6 trên 5,https://shopee.vn/Áo-thun-nam-áo-phông-nam-tay-ngắn-cổ-tròn-chất-thun-cotton-co-giãn-4-chiều-hình-wantelu-alex-cool-i.84435880.8769313844?sp_atk=c93a2c51-de77-4235-b1c1-159bbb0fab24
Áo thun unisex CAPMAN basic TEE phom rộng tay lỡ dành cho nam nữ,M ( <58KG ) L ( <72KG ) XL ( <85KG ),ĐEN BE TRẮNG,₫149.000,https://cf.shopee.vn/file/a62aa9baa04faace0abf6041be111fd4_tn,https://cf.shopee.vn/file/917efae99109a60f70501c58ea7d8fda_tn,https://cf.shopee.vn/file/accaa43aec39d12bb33ab3d043456f04_tn,https://cf.shopee.vn/file/a1625fb717dc530ad9fea67c00cdfe8f_tn,Áo Thun,CAPMAN,TP. Hồ Chí Minh,4.9 trên 5,https://shopee.vn/Áo-thun-unisex-CAPMAN-basic-TEE-phom-rộng-tay-lỡ-dành-cho-nam-nữ-i.329396034.14733371058?sp_atk=4ffb71b8-c15b-410a-b2ca-1cfef93e25ed
Áo thun phông logo tay Full size PINK tay lỡ form rộng WAKE Unisex,M < 45kg L ( 46kg _ 65kg ) XL ( 66kg _ 75kg ),Đen Trắng Xám,₫65.000 - ₫75.000,https://cf.shopee.vn/file/5a259660774342c5c304674eff126161_tn,https://cf.shopee.vn/file/0e00824d76fb4620996615af0ca0fc2d_tn,https://cf.shopee.vn/file/a490d0331d27f3ec45392ae8984930bb_tn,https://cf.shopee.vn/file/feba136f26470cb5f598620eb0844011_tn,Áo thun,,TP. Hồ Chí Minh,4.9 trên 5,https://shopee.vn/Áo-thun-phông-logo-tay-Full-size-PINK-tay-lỡ-form-rộng-WAKE-Unisex-i.120324880.9805929978?sp_atk=ba4c568e-d812-42fe-bb5d-4e73a2efe643
Áo thun nam cổ tròn HAFOS cao cấp lịch lãm - HAFOS,M L XL 2XL,Áo Trơn - Kem Áo Trơn - Đen Áo Trơn - Trắng Áo Trơn - Xanh Đậm Áo Trơn - Hồng Áo Trơn - Xám Áo Trơn - Cam Đất Áo Trơn - Denim,₫129.000,https://cf.shopee.vn/file/9d9c47465efe4b08a9dbb07f3e45535b_tn,https://cf.shopee.vn/file/e73e1dd48a8ced101ccb355d32a6fcb5_tn,https://cf.shopee.vn/file/6768b9ec512fa8e97ee3fe29af62c9f7_tn,https://cf.shopee.vn/file/e41853f7d0d32f51c6746a9ef07bb690_tn,Áo Thun,,Quận 8 TP. Hồ Chí Minh,4.9 trên 5,https://shopee.vn/Áo-thun-nam-cổ-tròn-HAFOS-cao-cấp-lịch-lãm-HAFOS-i.19687597.5556658028?sp_atk=ca766891-fc19-467f-b3e9-9c769d8d3d2a
Áo Thun GC Nam Nữ Siêu Hot Giá Rẻ AnhHuyStore9999,M L XL XXL,Chữ Đỏ Chữ Xanh,₫157.210,https://cf.shopee.vn/file/2ea7b4516ad9a5e9eed8b0b2c845e581_tn,https://cf.shopee.vn/file/7305ed216953edf931dfcb57aa6af4a0_tn,https://cf.shopee.vn/file/05f119fc31281df850b2afb721867ffe_tn,https://cf.shopee.vn/file/ca1b51ba0fee613492065fd5d152a162_tn,Áo Thun,,Huyện Kiến Thụy Hải Phòng,0 trên 5,https://shopee.vn/Áo-Thun-GC-Nam-Nữ-Siêu-Hot-Giá-Rẻ-AnhHuyStore9999-i.223974561.17153100766?sp_atk=e8251407-4d79-4253-b93e-06d99ea8c972
Áo Phông 3158 Nam Nữ Áo Thun Tay Lỡ Oversize From Rộng Chất Coton in hình THE BAND,freesize,Be Đen Trắng Chữ nhật xanh Chữ nhật chì Chữ nhật trắng,₫65.000 - ₫91.000,https://cf.shopee.vn/file/74617ef24347a0c7ad9f0395e3c11d12_tn,https://cf.shopee.vn/file/2411c422260974dd313713a45ffd3fd0_tn,https://cf.shopee.vn/file/3a40c73634d5bcb08f8d5f8c98f0e15b_tn,https://cf.shopee.vn/file/b49739c2bcf0d55c3003de36024b8773_tn,Áo thun,,Quận Bắc Từ Liêm Hà Nội,4.9 trên 5,https://shopee.vn/Áo-Phông-3158-Nam-Nữ-Áo-Thun-Tay-Lỡ-Oversize-From-Rộng-Chất-Coton-in-hình-THE-BAND-i.32239491.9251034516?sp_atk=7007e316-4ea4-4d60-8058-fbfc3217ee4e
Áo thun tay lỡ nam nữ áo phông unisex form rộng chất cotton mát mịn thấm hút mồ hôi in hình sunny,freesize,Mix đen Mix trắng Putu trắng Putu đen,₫58.000,https://cf.shopee.vn/file/c06845aacbdbb22b0d62104c58ff6b7c_tn,https://cf.shopee.vn/file/5b06d27dfada34286f4e3bf1f06981fd_tn,https://cf.shopee.vn/file/68b3c42e4b4f1ae6d9c93468691c6c5c_tn,https://cf.shopee.vn/file/049a77ae404139a48fcc6821b951d748_tn,Áo thun,,Quận Bắc Từ Liêm Hà Nội,4.9 trên 5,https://shopee.vn/Áo-thun-tay-lỡ-nam-nữ-áo-phông-unisex-form-rộng-chất-cotton-mát-mịn-thấm-hút-mồ-hôi-in-hình-sunny-i.32239491.2952625956?sp_atk=614c1a43-ba71-4c2c-8ba6-cbc64c8d4ca8
Áo thun tay lỡ nam nữ áo phông shop cossi unisex form rộng chất cotton in hình YEP,[freesize],Hapy trắng Hapy chì Hapy tím Star đen Star trắng Up đen Up chì Up trắng Sleep đen Sleep trắng Sleep tím Sleep cam,₫58.000,https://cf.shopee.vn/file/30f8181a5f1247148a1f83f361f7c384_tn,https://cf.shopee.vn/file/96679032b98d9a33a73dc95a9566dd97_tn,https://cf.shopee.vn/file/4e91ad8ee83b0eda1a69ea2f0cefcf05_tn,https://cf.shopee.vn/file/48c0348df5bb31800c212d2cd38a574e_tn,Áo thun,,Quận Bắc Từ Liêm Hà Nội,4.9 trên 5,https://shopee.vn/Áo-thun-tay-lỡ-nam-nữ-áo-phông-shop-cossi-unisex-form-rộng-chất-cotton-in-hình-YEP-i.32239491.6487071630?sp_atk=94f3ac6e-8545-449c-bf89-7f2a10efb3f5
Áo thun unisex tay lỡ form rộng  áo phông nam nữ form rộng chất cotton mát mịn thấm hút mồ hôi in hình TO,[40-65] kg,YNW ĐEN YNW TRẮNG TT ĐEN TT TRẮNG SHIN-HỒNG SHIN-XANH AND ĐEN AND TRẮNG BILI ĐEN BILI TRẮNG,₫58.000 - ₫65.000,https://cf.shopee.vn/file/df028c291ba6b757507abaefa2dd66f6_tn,https://cf.shopee.vn/file/e7d88165bf82881e2b990bbc879d2643_tn,https://cf.shopee.vn/file/a58833a668d45d05717d189c9566c66f_tn,https://cf.shopee.vn/file/8a51c68b92e8f321ac72b8218b05eb83_tn,Áo thun,,Quận Bắc Từ Liêm Hà Nội,4.9 trên 5,https://shopee.vn/Áo-thun-unisex-tay-lỡ-form-rộng-áo-phông-nam-nữ-form-rộng-chất-cotton-mát-mịn-thấm-hút-mồ-hôi-in-hình-TO-i.32239491.9447506085?sp_atk=9b23a0e1-e927-4d26-ad90-d3d799c88f2b
Áo phông zara cho nữ in hình 2 cô gái hottred áo thun nữ unisex tay lỡ form rộng,,Size M (45kg - 55kg) Size L (56kg - 75kg),₫39.000,https://cf.shopee.vn/file/fb9a5d3ee08fcf8691911b13ae2c37f7_tn,https://cf.shopee.vn/file/ac06b32f6d4ced36fa82cfc5301793b9_tn,https://cf.shopee.vn/file/c5f69a36073675d04ae6bc66eb64cccc_tn,https://cf.shopee.vn/file/0ab54e6d95b9663f1697b461ad3c4621_tn,Áo thun,,Quận Nam Từ Liêm Hà Nội,5 trên 5,https://shopee.vn/Áo-phông-zara-cho-nữ-in-hình-2-cô-gái-hottred-áo-thun-nữ-unisex-tay-lỡ-form-rộng-i.747604089.17652552598?sp_atk=3dc20893-4021-4323-9c44-c213197178a0
Áo thun balenciaga unisex nam nữ áo phông balenciaga tay lỡ form rộng,Size M (45kg - 55kg) Size L (56kg - 75kg),Màu Đen Màu Trắng,₫39.000,https://cf.shopee.vn/file/b1fbad03fb35ce6bd4775bd344c7a205_tn,https://cf.shopee.vn/file/bdc74489df1346358d8ca71d2de11fda_tn,https://cf.shopee.vn/file/f6c4a7aaca6d334ede32ae05cbc8194b_tn,https://cf.shopee.vn/file/7f9ba681f946f374fce6a7a8cf75ad3b_tn,Áo thun,,Quận Nam Từ Liêm Hà Nội,5 trên 5,https://shopee.vn/Áo-thun-balenciaga-unisex-nam-nữ-áo-phông-balenciaga-tay-lỡ-form-rộng-i.747604089.16352570878?sp_atk=174ee845-200e-4fb3-b7c1-8513f2dff3d7
Áo thun tay lỡ nam nữáo phông form rộng chất cotton mát mịn thấm hút mồ hôi in hình PARA,freesize,PARA- TRẮNG PARA- XÁM CHÌ PARA- XANH,₫58.000,https://cf.shopee.vn/file/ada725bc992f76c4244e6a2d34d55396_tn,https://cf.shopee.vn/file/049def96c9c0af25b2af23c2604c368c_tn,https://cf.shopee.vn/file/495acbe84f6ee6052c93b128be2407ad_tn,https://cf.shopee.vn/file/9f970179bfd1e1e4cc3ef0d87e2725c1_tn,Áo thun,,Hà Nội,4.9 trên 5,https://shopee.vn/Áo-thun-tay-lỡ-nam-nữ-áo-phông-form-rộng-chất-cotton-mát-mịn-thấm-hút-mồ-hôi-in-hình-PARA-i.32239491.8047513187?sp_atk=50152f36-fd5c-4710-b1cc-f3eaea9cabe9
Áo thun tay lỡ nam nữ áo phông unisex form rộng chất cotton mát mịn thấm hút mồ hôi in hình TEDDY,freesize,TRẮNG ĐEN HỒNG,₫58.000,https://cf.shopee.vn/file/4f549d400f964ac30949d277565c975c_tn,https://cf.shopee.vn/file/292b835d5b927f706e159e91eeb80dd3_tn,https://cf.shopee.vn/file/2e52ce690e6d144a1d6a962478d44d39_tn,https://cf.shopee.vn/file/8ef31ae938bdc9c110d2bdf5f245ba54_tn,Áo thun,,Quận Bắc Từ Liêm Hà Nội,4.9 trên 5,https://shopee.vn/Áo-thun-tay-lỡ-nam-nữ-áo-phông-unisex-form-rộng-chất-cotton-mát-mịn-thấm-hút-mồ-hôi-in-hình-TEDDY-i.32239491.7387071533?sp_atk=2346dbc3-82c6-47fe-b1e0-023f9d5533a7
Áo thun levents unisex nam nữ tay lỡ from rộng,,Size M (45kg - 55kg) Size L (56kg - 75kg),₫39.000,https://cf.shopee.vn/file/e666db7a1c9de590faba6172ac459927_tn,https://cf.shopee.vn/file/faf566eb3d2dc6ee88bbc8b43471b31d_tn,https://cf.shopee.vn/file/2863f1875c22d2138d04cc2cb555837b_tn,https://cf.shopee.vn/file/183387945882133a9a96b4f3a2bcd087_tn,Áo thun,,Quận Nam Từ Liêm Hà Nội,5 trên 5,https://shopee.vn/Áo-thun-levents-unisex-nam-nữ-tay-lỡ-from-rộng-i.747604089.10493574830?sp_atk=6f59e9cf-7b37-43cd-a1c9-73f096492cb1
Áo thun tay lỡ nam nữ áo phông unisex form rộng chất cotton mát mịn thấm hút mồ hôi in hình Mặt Trăng,,CHÌ ĐEN,₫58.000,https://cf.shopee.vn/file/b66208a962501ca862015f2b832ab11b_tn,https://cf.shopee.vn/file/33c7e28d2c217aa1a4d6f4fc7acab574_tn,https://cf.shopee.vn/file/7d4122053028af5ccefa0f764f70bdda_tn,https://cf.shopee.vn/file/7b982b2f01a5de2bd7f5d37041edc8f6_tn,Áo thun,,Hà Nội,4.9 trên 5,https://shopee.vn/Áo-thun-tay-lỡ-nam-nữ-áo-phông-unisex-form-rộng-chất-cotton-mát-mịn-thấm-hút-mồ-hôi-in-hình-Mặt-Trăng-i.32239491.9949342785?sp_atk=0fb40d15-b25f-413f-850d-17c954b5d765
Áo thun missout nam nữ unisex form rộng,Size M (45kg - 55kg) Size L (56kg - 75kg),Màu Đen Màu Trắng,₫39.000,https://cf.shopee.vn/file/6ca501e68d1aa47db0a584b50981e73d_tn,https://cf.shopee.vn/file/c3c321406a4e9e2a816817ce1baddb51_tn,https://cf.shopee.vn/file/dddd49250810386c2d8aa8f99bb3e208_tn,https://cf.shopee.vn/file/22ed6c74ace454b2186ed5ebc177974e_tn,Áo thun,,Quận Nam Từ Liêm Hà Nội,5 trên 5,https://shopee.vn/Áo-thun-missout-nam-nữ-unisex-form-rộng-i.747604089.17252831333?sp_atk=4f20bc13-cb72-4148-8678-b7e3dc079021
Áo thun Vogue oversize chất cotton (V104),M L XL,Đen Trắng,₫89.000,https://cf.shopee.vn/file/964e791008fadf7c913d03801a940162_tn,https://cf.shopee.vn/file/fc7abbd0f27b28cf1dfe1f105ace8451_tn,https://cf.shopee.vn/file/3f16f5af3ca20de43ebe2ca3781bb3a8_tn,https://cf.shopee.vn/file/577a2514ba0b814f132ebe5e00314929_tn,Áo thun,,Quận Thanh Xuân Hà Nội,4.9 trên 5,https://shopee.vn/Áo-thun-Vogue-oversize-chất-cotton-(V104)-i.403592743.5093948388?sp_atk=71f9cc4a-aab8-4a83-9c88-f9b89ec1ccf5
Áo thun Signature / Đen - FW101 BLK,,S M L,₫129.000,https://cf.shopee.vn/file/e5b4b5d66f323c18d289474ef24c7618_tn,https://cf.shopee.vn/file/847a0b3e1aa800938b4c2da408988b36_tn,https://cf.shopee.vn/file/e06710bd7cc96d7c2f09afad76062016_tn,https://cf.shopee.vn/file/b2421a23cece3e66e0149567b6e23946_tn,Áo thun,,TP. Hồ Chí Minh,4.9 trên 5,https://shopee.vn/Áo-thun-Signature-Đen-FW101-BLK-i.446688555.4889274151?sp_atk=1c012ba4-6eee-4619-8cf4-62dd6616f003
Áo thun BURBERPY nam nữ cực hót áo phông tay lỡ form rộng,Size M (45kg - 55kg) Size L (56kg - 75kg),Màu Đen Màu Trắng,₫39.000,https://cf.shopee.vn/file/ef685a2fb22dbfe745db2f6b411bf0a2_tn,https://cf.shopee.vn/file/7ca16269bca020487c69cf038e7264cb_tn,https://cf.shopee.vn/file/8d4de0685b436e4889a86120964c41de_tn,https://cf.shopee.vn/file/c4240947543cd61193813570795cd08a_tn,Áo thun,,Quận Nam Từ Liêm Hà Nội,5 trên 5,https://shopee.vn/Áo-thun-BURBERPY-nam-nữ-cực-hót-áo-phông-tay-lỡ-form-rộng-i.747604089.10893567597?sp_atk=b039e623-6a51-4a0c-b117-f54a1cbc698b
Áo thun tay lỡ nam nữ áo phông unisex form rộng chất cotton mát mịn thấm hút mồ hôi in hình AKA,[freesize],TRẮNG HỒNG ĐẤT,₫58.000,https://cf.shopee.vn/file/9dd8e817243ebf056ae76a0e5c55db60_tn,https://cf.shopee.vn/file/3b236670905b4ae4ad144a9ace30991a_tn,https://cf.shopee.vn/file/b493ef55d0627b63b30d61357802f2b7_tn,https://cf.shopee.vn/file/7c7ed852cecc21329f322ca2076d8c4c_tn,Áo thun,,Hà Nội,4.9 trên 5,https://shopee.vn/Áo-thun-tay-lỡ-nam-nữ-áo-phông-unisex-form-rộng-chất-cotton-mát-mịn-thấm-hút-mồ-hôi-in-hình-AKA-i.32239491.9751014377?sp_atk=6d199cd5-6065-4c23-afdf-357d8eb6cd62
ÁO thun polo cao cấp thêu có cổ nam nữ cổ dệt nhiều mẫu,Size M: 38-50kg Size L: 50-60kg Size XL: 60-70kg Size XXL: 70-76kg,thêu ở cổ đen thêu ở cổ trắng Polo đen logo vàng Áo trắng logo vàng áo đỏ logo vàng polo mã trắng polo mã đỏ polo mã đen cổ xanh đỏ đen cổ xanh đỏ trắng cổ hoa đen cổ hoa trắng,₫79.000,https://cf.shopee.vn/file/b8c600471c8749b2300c7392377ab184_tn,https://cf.shopee.vn/file/44ce24e01baa5a5bd10ce58bdc055217_tn,https://cf.shopee.vn/file/0cbb90c8a0fbfdfaf05fdb31b5972fda_tn,https://cf.shopee.vn/file/ff8d88bc7aac4f1d02e59459e9fcdbf4_tn,Áo polo,,Huyện Phúc Thọ Hà Nội,4.8 trên 5,https://shopee.vn/ÁO-thun-polo-cao-cấp-thêu-có-cổ-nam-nữ-cổ-dệt-nhiều-mẫu-i.33435563.7959593109?sp_atk=a617b1e5-4a01-4be0-8f68-cbf566a894e5
Áo thun unisex nam nữ moschino áo phông tay lỡ in hình gấu áo phông tay lỡ form rộng,Size M (45kg - 55kg) Size L (56kg - 75kg),Màu Đen Màu Trắng,₫39.000,https://cf.shopee.vn/file/1d5a00a2819bb962f2c3b018304cd275_tn,https://cf.shopee.vn/file/691f343e10b9e3b7b898ecb23af4ea49_tn,https://cf.shopee.vn/file/4c5d305ab6e957adcf5341fa602c1064_tn,https://cf.shopee.vn/file/4a270b87421910dfa5527c597b19cce5_tn,Áo thun,,Quận Nam Từ Liêm Hà Nội,5 trên 5,https://shopee.vn/Áo-thun-unisex-nam-nữ-moschino-áo-phông-tay-lỡ-in-hình-gấu-áo-phông-tay-lỡ-form-rộng-i.747604089.17352598821?sp_atk=8f2ee94a-4b99-4903-a398-9d80fc26db52
Áo thun tay lỡ nam nữ áo phông unisex form rộng chất cotton mát mịn thấm hút mồ hôi in hình ANDA,freesize,ANDA-TRẮNG ANDA-HỒNG ANDA-ĐEN,₫58.000,https://cf.shopee.vn/file/4d9bdc82e513876a450c364e0e819ba4_tn,https://cf.shopee.vn/file/3735fffb7feeeca3748d4dc2ce512cd9_tn,https://cf.shopee.vn/file/d599303b7bdc24569f616ad68db6ee8a_tn,https://cf.shopee.vn/file/6aeca75a5ad755d3c4e928fff96c1fe4_tn,Áo thun,,Hà Nội,4.9 trên 5,https://shopee.vn/Áo-thun-tay-lỡ-nam-nữ-áo-phông-unisex-form-rộng-chất-cotton-mát-mịn-thấm-hút-mồ-hôi-in-hình-ANDA-i.32239491.11601567928?sp_atk=46184ab9-80b3-4a4a-8995-15a77efd825c
Áo thun tay lỡ form rộng unisex White Bone Áo thun phông rộng Tiger.86 AFR248,,TRẮNG M TRẮNG L ĐEN M ĐEN L,₫69.000 - ₫79.000,https://cf.shopee.vn/file/8da1ccd44367cbd5b3959c5f440589f4_tn,https://cf.shopee.vn/file/492bc46bf895547cc983d67afe0dc8aa_tn,https://cf.shopee.vn/file/5fc51cadba81bfd9f94a8870996b0625_tn,https://cf.shopee.vn/file/aa98e65f77e709ea11e0428dec389ad2_tn,Áo thun,,TP. Hồ Chí Minh,5.0 trên 5,https://shopee.vn/Áo-thun-tay-lỡ-form-rộng-unisex-White-Bone-Áo-thun-phông-rộng-Tiger.86-AFR248-i.127646107.2957226157?sp_atk=47ebf952-69c6-4416-9c34-02d247beeaa9
áo thun tay lỡ unisex form rộng áo phông nam nữ oversize 2 màu đen trắng co giãn 4 chiều ATL86,,Đen FreeSize <70kg Trắng FreeSize <70kg Đen (M 36-55kg) Trắng (M 36-55kg) Đen (L 56-75kg ) Trắng (L 56-75kg),₫39.900,https://cf.shopee.vn/file/cd30d9bd7b83a8bfc0e49a93a9e544ce_tn,https://cf.shopee.vn/file/91935ef4e3dfc8742028e006afadf71d_tn,https://cf.shopee.vn/file/9275c79d5d1f91e07d3c1dd2a108d7a0_tn,https://cf.shopee.vn/file/7f9441e6470397fe14202a0db51fcf17_tn,Áo thun,,Huyện Phú Xuyên Hà Nội,4.8 trên 5,https://shopee.vn/áo-thun-tay-lỡ-unisex-form-rộng-áo-phông-nam-nữ-oversize-2-màu-đen-trắng-co-giãn-4-chiều-ATL86-i.232467061.5590605700?sp_atk=fcd2ddbc-faa2-4a63-8e2f-68b98bff1316
Áo phông nữ form rộng tay lỡ unisex áo thun nữ form rộng tay lỡ unisex cotton AT084 Miucho in logo,S (50-60kg) M (60-70kg) L (70-80kg) XL (80-90kg),Trắng Đen Hồng Vàng Xanh biển Xanh đen Xanh đậu Be Xám Đỏ,₫129.000,https://cf.shopee.vn/file/e77a35e1d8a6839d5f2511a093fb5c78_tn,https://cf.shopee.vn/file/87abd8d846c6b1d5f640178bb6c2adc2_tn,https://cf.shopee.vn/file/d655653ea45eae9673a36b156ca82e48_tn,https://cf.shopee.vn/file/38029266926b0d678aa628f39c2620cd_tn,Áo thun,,Quận Gò Vấp TP. Hồ Chí Minh,4.9 trên 5,https://shopee.vn/Áo-phông-nữ-form-rộng-tay-lỡ-unisex-áo-thun-nữ-form-rộng-tay-lỡ-unisex-cotton-AT084-Miucho-in-logo-i.129250118.8260776000?sp_atk=6a8eb830-3cad-400a-b364-a325433cc272
Áo thun phông logo tay Full size PINK tay lỡ form rộng WAKE Unisex,M < 45kg L ( 46kg _ 65kg ) XL ( 66kg _ 75kg ),Đen Trắng Xám,₫65.000 - ₫75.000,https://cf.shopee.vn/file/5a259660774342c5c304674eff126161_tn,https://cf.shopee.vn/file/0e00824d76fb4620996615af0ca0fc2d_tn,https://cf.shopee.vn/file/a490d0331d27f3ec45392ae8984930bb_tn,https://cf.shopee.vn/file/feba136f26470cb5f598620eb0844011_tn,Áo thun,,TP. Hồ Chí Minh,4.9 trên 5,https://shopee.vn/Áo-thun-phông-logo-tay-Full-size-PINK-tay-lỡ-form-rộng-WAKE-Unisex-i.120324880.9805929978?sp_atk=44489522-065e-4ca8-a939-6d71653bce42
Áo thun phông logo tay Full size PINK tay lỡ form rộng LOS ANGELES Unisex,M < 45kg L ( 46kg _ 65kg ) XL ( 66kg _ 75kg ),Xám Chì Đen Trắng,₫69.000 - ₫75.000,https://cf.shopee.vn/file/c72dfd1d302d2d2f387179b8f828591c_tn,https://cf.shopee.vn/file/ebef62a494eac63a63bbf5e90d5525bd_tn,https://cf.shopee.vn/file/cc543547dde8fba7be016ef6209565d9_tn,https://cf.shopee.vn/file/88691f1edd98783a8f528e7b606fb260_tn,Áo thun,,TP. Hồ Chí Minh,4.9 trên 5,https://shopee.vn/Áo-thun-phông-logo-tay-Full-size-PINK-tay-lỡ-form-rộng-LOS-ANGELES-Unisex-i.120324880.12028889786?sp_atk=9b38a27b-63d2-4c26-b621-1692a7b24e8e
Áo thun unisex nam nữ form rộng áo phông tay lỡ form rộng,FreeSize <70kg M(36-55kg) L(56-75kg),Đen Trắng,₫39.900,https://cf.shopee.vn/file/8c90da7e132d879d582aa8ebcb14f04a_tn,https://cf.shopee.vn/file/162c8b0f1351df0d9861add2f68f9db6_tn,https://cf.shopee.vn/file/e374ebc63a070f5d7ec437df8f383e9f_tn,https://cf.shopee.vn/file/b69d536029c9bd22388fd2d4bd995511_tn,Áo thun,,Huyện Phú Xuyên Hà Nội,4.8 trên 5,https://shopee.vn/Áo-thun-unisex-nam-nữ-form-rộng-áo-phông-tay-lỡ-form-rộng-i.232467061.6492627194?sp_atk=bedc2f03-bb04-481f-bd2f-a51d391f1a8d
Áo thun tay lỡ nam nữ áo phông unisex form rộng chất cotton mát mịn thấm hút mồ hôi in hình NICE,,TRẮNG CHÌ TÍM SMILE ĐEN SMILE TÍM SMILE TRẮNG,₫58.000,https://cf.shopee.vn/file/22969e035fbe675e42d8e0d39bc8b2cd_tn,https://cf.shopee.vn/file/a7049fe84aec9ed1f46a27fb86c41cb8_tn,https://cf.shopee.vn/file/5ee7c042790d60a593dd81a61f22455a_tn,https://cf.shopee.vn/file/4a8e8828f1c628cf34f5a81f34eab0d5_tn,Áo thun,,Quận Bắc Từ Liêm Hà Nội,4.9 trên 5,https://shopee.vn/Áo-thun-tay-lỡ-nam-nữ-áo-phông-unisex-form-rộng-chất-cotton-mát-mịn-thấm-hút-mồ-hôi-in-hình-NICE-i.32239491.9347505929?sp_atk=e8448c92-f66b-4008-b131-e4e329b72120
Áo thun nam nữ sad boiz sadtagram chất cotton siêu đẹp vải dày dặn,,A93-Đen A93-Trắng AD67-Đen,₫80.000 - ₫132.000,https://cf.shopee.vn/file/b757a3cce14e08407f12ae4c4c6a3272_tn,https://cf.shopee.vn/file/22a7e553a01d6e0ae93a485c8a4c3d12_tn,https://cf.shopee.vn/file/d9cb072a7f1c8b0dc213595962cc7f78_tn,https://cf.shopee.vn/file/2d85404303152da87b89306e5aadc82e_tn,Áo thun,,Quận Nam Từ Liêm Hà Nội,5 trên 5,https://shopee.vn/Áo-thun-nam-nữ-sad-boiz-sadtagram-chất-cotton-siêu-đẹp-vải-dày-dặn-i.612940131.12675847995?sp_atk=17d0f11b-abc3-4107-a864-3b5609882f28
Áo thun nam nữ unisex tay lỡ form rộng 3138  Áo thun form rộng Oversize trơn cao cấp HM1986,,TRẮNG M (35-55kg) TRẮNG L (50-75kg) ĐEN M (35-55kg) ĐEN L (50-75kg) QUÀ TẶNG KẸO,₫68.000 - ₫78.000,https://cf.shopee.vn/file/c95748b8c0a4e8888b37d66542e45c56_tn,https://cf.shopee.vn/file/022493490f73b84e24579f62baebc779_tn,https://cf.shopee.vn/file/ad9b07ef0f5060515a9ec29d97cbd250_tn,https://cf.shopee.vn/file/b1f660aa583f7e12426cbd0c76570f86_tn,Áo thun,,Quận Tân Phú TP. Hồ Chí Minh,4.9 trên 5,https://shopee.vn/Áo-thun-nam-nữ-unisex-tay-lỡ-form-rộng-3138-Áo-thun-form-rộng-Oversize-trơn-cao-cấp-HM1986-i.338341511.9674531425?sp_atk=5f1d4eca-d7cc-4727-a9cb-18ce86ea8438
Áo thun tay lỡ nam nữ áo phông unisex form rộng chất cotton mát mịn thấm hút mồ hôi in hình siêu chất,freesize,ĐEN TRẮNG XÁM CHÌ,₫58.000,https://cf.shopee.vn/file/d769d0dcfd1aeb1f60e1dd18865e79a7_tn,https://cf.shopee.vn/file/41a373b521e8b608d13f7a24588e4997_tn,https://cf.shopee.vn/file/df34371391d2cb34a65cea281d611106_tn,https://cf.shopee.vn/file/827334aff46556ef61911aa51bfc6fa3_tn,Áo thun,,Hà Nội,4.9 trên 5,https://shopee.vn/Áo-thun-tay-lỡ-nam-nữ-áo-phông-unisex-form-rộng-chất-cotton-mát-mịn-thấm-hút-mồ-hôi-in-hình-siêu-chất-i.32239491.9961327995?sp_atk=aaa2426a-f46e-4314-aea0-797681781fda
[Xả Kho 02]Áo Thun Tay Lỡ Unisex Nam Nữ-Áo Phông Form Rộng Cổ Tròn Mặc Lớp Nhóm Cặp In Hình Freesize <65kg,Freesize <65kg,Mẫu 1 Mẫu 2 Mẫu 3 Mẫu 4 Mẫu 5 Mẫu 6 Mẫu 7 Mẫu 8 Mẫu 9 Mẫu 10 Mẫu 11 Mẫu 12 Mẫu 13 Mẫu 14 Mẫu 15’ Mẫu 16 Mẫu 17 Mẫu 18 Mẫu 19 Mẫu 20,₫39.900 - ₫42.900,https://cf.shopee.vn/file/4eaf449c34d20287c53e3bf5ac18b50c_tn,https://cf.shopee.vn/file/66d23aca1a555fcf1d037dbbceb2eb87_tn,https://cf.shopee.vn/file/5678254d1de60ea29f90ddd4c66f37f2_tn,https://cf.shopee.vn/file/4c43f72fb7f449da2dda3814baff3446_tn,Áo thun,,Thái Nguyên,4.7 trên 5,https://shopee.vn/-Xả-Kho-02-Áo-Thun-Tay-Lỡ-Unisex-Nam-Nữ-Áo-Phông-Form-Rộng-Cổ-Tròn-Mặc-Lớp-Nhóm-Cặp-In-Hình-Freesize-65kg-i.36476030.4790312207?sp_atk=61e44bb3-abef-4dee-b6d5-481eef8983ea
Áo thun tay lỡ phông Unisex nam nữ oversize form rộng ulzzang FRIENDSHIP ANHStore A30,,Đen Trắng,₫52.000,https://cf.shopee.vn/file/59dd053c91dbebc052a892a322a8a501_tn,https://cf.shopee.vn/file/344f35f7ed0d53199028662820eb4ce1_tn,https://cf.shopee.vn/file/4659bf659b11b44d72b9b98d8398d5f5_tn,https://cf.shopee.vn/file/c165929515fce3c37eae7aef4753cc60_tn,Áo thun,,Quận Cầu Giấy Hà Nội,4.9 trên 5,https://shopee.vn/Áo-thun-tay-lỡ-phông-Unisex-nam-nữ-oversize-form-rộng-ulzzang-FRIENDSHIP-ANHStore-A30-i.321788902.6282324029?sp_atk=fb215c3e-3751-4ccf-be4e-537008d0a4cf
Áo thun Tee Basic Drew - Áo thun tay lỡ Vender vải thun cotton 100% (V86),M L XL,Đen Trắng Cam Tím Xanh Biển Xanh neon,₫89.000,https://cf.shopee.vn/file/5dabe26e09db7a66dbcf2462dc0f1d7e_tn,https://cf.shopee.vn/file/8aa16e7330c6d5aa79a30fb3bd6ac9bb_tn,https://cf.shopee.vn/file/758fb828f3c243d83d52b1da15e1ab2e_tn,https://cf.shopee.vn/file/58c1f99171e3c77d3f65ce304b42bce2_tn,Áo thun,,Quận Thanh Xuân Hà Nội,4.8 trên 5,https://shopee.vn/Áo-thun-Tee-Basic-Drew-Áo-thun-tay-lỡ-Vender-vải-thun-cotton-100-(V86)-i.409429071.3786027087?sp_atk=b82a5419-0d2b-4565-b716-3cd09e19a56b
Áo thun nam nữ unisex tay lỡ LF 84 áo phông tay lỡ unisex form rộng oversize streetwear,,TS01-Đen TS01-Xam TS01-Trắng LF84-Trắng LF84-Đen AD69-Trắng AD69-Đen A1,₫14.500 - ₫65.000,https://cf.shopee.vn/file/99c0188bd3e3552c57489e6c913ce4a7_tn,https://cf.shopee.vn/file/594947ba4226e60b663cb9e54693f2fd_tn,https://cf.shopee.vn/file/b21d65c7de24a324d3ef5bfcd09aea2e_tn,https://cf.shopee.vn/file/1b191e79ad13f3164269c31790a1c491_tn,Áo thun,,Quận Nam Từ Liêm Hà Nội,4.5 trên 5,https://shopee.vn/Áo-thun-nam-nữ-unisex-tay-lỡ-LF-84-áo-phông-tay-lỡ-unisex-form-rộng-oversize-streetwear-i.466539347.3062586950?sp_atk=082a1df2-0d6a-4c0f-aaf6-bdc6b8f5e608
Áo thun tay lỡ nam nữ áo phông unisex form rộng chất cotton mát mịn thấm hút mồ hôi in hình BÀN TAY,freesize,TAY-ĐEN TAY-TRẮNG SSN TRẮNG SSN ĐEN,₫58.000,https://cf.shopee.vn/file/0ef61bfb041b62c2b357230b74519f71_tn,https://cf.shopee.vn/file/c70ed0f8b5153eb77e2d3407d2aebbeb_tn,https://cf.shopee.vn/file/22d3c47015e8fc1f115c6fb5af0d0951_tn,https://cf.shopee.vn/file/1174b2ffbdb847b650e97760b7554a9f_tn,Áo thun,,Quận Bắc Từ Liêm Hà Nội,4.9 trên 5,https://shopee.vn/Áo-thun-tay-lỡ-nam-nữ-áo-phông-unisex-form-rộng-chất-cotton-mát-mịn-thấm-hút-mồ-hôi-in-hình-BÀN-TAY-i.32239491.8347513058?sp_atk=9e6bd6d0-d071-401f-880d-4bb19f1a3405
Áo thun unisex tay lỡ form rộng 3160  áo phông nam nữ form rộng chất cotton mát mịn thấm hút mồ hôi in hình mặt cười,,TRẮNG M (35-55kg) TRẮNG L (50-75kg) ĐEN M (35-55kg) ĐEN L (50-75kg) ĐEN TAY NGẮN S TRẮNG TAY NGẮN S,₫40.000 - ₫45.000,https://cf.shopee.vn/file/7de6e0494990286fc27b3531cfc9507e_tn,https://cf.shopee.vn/file/53d58693e361ff5e4547d9121fe67cdd_tn,https://cf.shopee.vn/file/9287fdf2a575b896b55b72f48b1e2bd0_tn,https://cf.shopee.vn/file/75f18cb03fe0084b620126e549d152ad_tn,Áo thun,,Quận Tân Phú TP. Hồ Chí Minh,4.9 trên 5,https://shopee.vn/Áo-thun-unisex-tay-lỡ-form-rộng-3160-áo-phông-nam-nữ-form-rộng-chất-cotton-mát-mịn-thấm-hút-mồ-hôi-in-hình-mặt-cười-i.338341511.12530027000?sp_atk=7364bc6f-7723-4c1c-82fd-8bb6e75e8950
Áo thun nam nữ unisex tay lỡ form rộng,Size M (35kg - 55kg) Size L (55kg - 75kg),Mặt Cười 2 Áo Đen Mặt Cười 2 Áo Trắng,₫39.000,https://cf.shopee.vn/file/c2715e48bc54888fa409b7e07d3afc80_tn,https://cf.shopee.vn/file/eb08bc5c6e565dcf65e57c72a2b8dd4a_tn,https://cf.shopee.vn/file/c2715e48bc54888fa409b7e07d3afc80_tn,https://cf.shopee.vn/file/eb08bc5c6e565dcf65e57c72a2b8dd4a_tn,Áo thun,,Nam Định,5 trên 5,https://shopee.vn/Áo-thun-nam-nữ-unisex-tay-lỡ-form-rộng-i.691391813.15677716277?sp_atk=1e6ecf8c-cd3c-4c02-9c7e-6a610c4fc293
Áo thun nam nữ unisex tay lỡ form rộng phi hành gia Nasa áo phông nam nữ unisex chât cotton mềm mát oversize,Size M (40kg - 55kg) Size L (55kg - 75kg),NASA - Áo Đen NASA - Áo Trắng,₫39.000,https://cf.shopee.vn/file/15f410c0f3f6fff6e19e874b0da08fb5_tn,https://cf.shopee.vn/file/e16f89ce3cbe3c001eecbc0f51ac8ae6_tn,https://cf.shopee.vn/file/c31549dd11c6e2bf6d3374449b6ca759_tn,https://cf.shopee.vn/file/96035744888a89849fad59d82d0c2c24_tn,Áo thun,,Nam Định,5 trên 5,https://shopee.vn/Áo-thun-nam-nữ-unisex-tay-lỡ-form-rộng-phi-hành-gia-Nasa-áo-phông-nam-nữ-unisex-chât-cotton-mềm-mát-oversize-i.691391813.16354473618?sp_atk=e4f3425a-6341-4416-8229-55c5ec708f7f
Áo thun Tee Dreew - Áo thun tay lỡ full tags. ( V12 ),m < 58kg L < 59 - 70kg xl > 70kg,Đen Trắng Xanh Biển Xanh Neon Cam Hồng,₫89.000,https://cf.shopee.vn/file/93ebbf2f8fded637fa362e077fc0f0eb_tn,https://cf.shopee.vn/file/82a6584d90d060e41769d415d1fbcf11_tn,https://cf.shopee.vn/file/cfc0f3a9d70c9b7559b00f3d8ebf5557_tn,https://cf.shopee.vn/file/eb477e9999505f372dcad0e841a819ed_tn,Áo thun,,Hà Nội,4.8 trên 5,https://shopee.vn/Áo-thun-Tee-Dreew-Áo-thun-tay-lỡ-full-tags.-(-V12-)-i.37101020.9157445024?sp_atk=f02c902b-6dfc-4cd8-b5c7-f481c5ce7dc2
Áo thun tay lỡ nam nữ áo phông unisex form rộng chất cotton mát mịn thấm hút mồ hôi in hình 1997,freesize,CHỮ BÉ XANH CHỮ BÉ ĐEN CHỮ BÉ TRẮNG ĐEN TRẮNG NT XANH NT TRẮNG NT ĐEN,₫58.000,https://cf.shopee.vn/file/282dabd1516febf103bcba09d2eda57c_tn,https://cf.shopee.vn/file/146cfbd15dd84ca6321813476bddf9e7_tn,https://cf.shopee.vn/file/64a947785d943de01304c08663aaf6a2_tn,https://cf.shopee.vn/file/e17bfd4f918fc9fb2c26ab89bf155e8b_tn,Áo thun,,Quận Bắc Từ Liêm Hà Nội,4.9 trên 5,https://shopee.vn/Áo-thun-tay-lỡ-nam-nữ-áo-phông-unisex-form-rộng-chất-cotton-mát-mịn-thấm-hút-mồ-hôi-in-hình-1997-i.32239491.8647513151?sp_atk=f139f3f5-a6f9-40b4-83fb-3cc480cd372b
Áo thun phông logo tay Full size PINK tay lỡ form rộng HENRI MATISSE Unisex,M< 45kg L ( 46kg _ 65kg ) XL ( 66kg _ 75kg ),Đen Trắng,₫69.000 - ₫75.000,https://cf.shopee.vn/file/76daf8076f52fb8428dc45c7ecf21ddc_tn,https://cf.shopee.vn/file/da161203ae705d5d7c3cd695a31e1b35_tn,https://cf.shopee.vn/file/4a645678d4395163fee3378b145e4535_tn,https://cf.shopee.vn/file/350c76c5d6e7e6cb0f6592b7dde19032_tn,Áo thun,,TP. Hồ Chí Minh,4.9 trên 5,https://shopee.vn/Áo-thun-phông-logo-tay-Full-size-PINK-tay-lỡ-form-rộng-HENRI-MATISSE-Unisex-i.120324880.7072407638?sp_atk=106e7269-91a9-4ad0-b336-1dceb107a135
Áo thun tay lỡ nam nữ áo phông unisex form rộng chất cotton mát mịn thấm hút mồ hôi in hình BU,,SECUR CHÌ SECUR TRẮNG SECUR ĐEN SECUR XANH ALE ĐEN ALE TRẮNG,₫58.000,https://cf.shopee.vn/file/7c2b830cdafc9ca1edcbf07f94e91374_tn,https://cf.shopee.vn/file/f20330c7331eb223d88e19553682bfc4_tn,https://cf.shopee.vn/file/d0c3c1bb3f4aed861777fce34b96ec85_tn,https://cf.shopee.vn/file/1b68bd0ffc2df35234eff150cb78c2cc_tn,Áo thun,,Quận Bắc Từ Liêm Hà Nội,4.9 trên 5,https://shopee.vn/Áo-thun-tay-lỡ-nam-nữ-áo-phông-unisex-form-rộng-chất-cotton-mát-mịn-thấm-hút-mồ-hôi-in-hình-BU-i.32239491.7787070487?sp_atk=e510d434-7a5a-41a0-a624-803c17a570a8
Áo thun unisex nam nữ form rộng áo phông tay lỡ unisex nam nữ oversize,Size M (40kg - 55kg) Size L (55kg - 75kg),Special - Áo Đen Special - Áo Trắng,₫39.000,https://cf.shopee.vn/file/4d954fa1f08f9d78ad78969c572d7b47_tn,https://cf.shopee.vn/file/540db77b2aefddb0bca265da68d38f14_tn,https://cf.shopee.vn/file/b996e453656a0ae18cb30404735ee863_tn,https://cf.shopee.vn/file/36886bea97c79b9c635e7e029438df48_tn,Áo thun,,Nam Định,5 trên 5,https://shopee.vn/Áo-thun-unisex-nam-nữ-form-rộng-áo-phông-tay-lỡ-unisex-nam-nữ-oversize-i.691391813.15577722113?sp_atk=14853262-c962-45b5-a408-4a546ffd651c
Áo thun UNISEXX SIGNATURE TEE - BLACK - Outerity - Màu Đen (V134),Đen,M L XL,₫89.000,https://cf.shopee.vn/file/8511274c6bb6323c369cd8c555916991_tn,https://cf.shopee.vn/file/e6a22949105bec2f030be418e5bb27ee_tn,https://cf.shopee.vn/file/3e6f47dc712398af3f081d69526c9e6c_tn,https://cf.shopee.vn/file/458f010c458203e4e30494057fa7ecf3_tn,Áo thun,,Quận Thanh Xuân Hà Nội,4.9 trên 5,https://shopee.vn/Áo-thun-UNISEXX-SIGNATURE-TEE-BLACK-Outerity-Màu-Đen-(V134)-i.403592743.8075784791?sp_atk=4e793688-9431-4429-807b-fcbe75964120
Áo thun phông logo tay Full size PINK tay lỡ form rộng BRING Unisex,M < 45kg L ( 46kg _ 65kg ) XL ( 66kg _ 75kg ),Đen Hồng,₫67.000 - ₫75.000,https://cf.shopee.vn/file/fab181f18ef979fcbefb0dd87d037fff_tn,https://cf.shopee.vn/file/e515faa668e65a30ee4faaa866a05c17_tn,https://cf.shopee.vn/file/37a69ab8759540038f2b59482405845a_tn,https://cf.shopee.vn/file/3014fb2e658bc4bbca501afb660899f0_tn,Áo thun,,TP. Hồ Chí Minh,5.0 trên 5,https://shopee.vn/Áo-thun-phông-logo-tay-Full-size-PINK-tay-lỡ-form-rộng-BRING-Unisex-i.120324880.13428841769?sp_atk=194cef43-709d-4182-ac53-3c045fb1977c
Áo phông nữ VOUGE form rộng đẹp tay lỡ oversize áo thun unisex tay lỡ hàn quốc cotton basic tee,XXL M L XL,Trắng Đen Đen. Trắng.. Đen.. Trắng.,₫110.000,https://cf.shopee.vn/file/3b48896562aa4057e45bc680be8a933e_tn,https://cf.shopee.vn/file/eb6af5bf91a943efae572af171ab23d1_tn,https://cf.shopee.vn/file/602af3311a57b4026c9394d138ae767b_tn,https://cf.shopee.vn/file/4eab748ec556e99ab2f485fef93f9f61_tn,Áo thun,,Hà Nội,5.0 trên 5,https://shopee.vn/Áo-phông-nữ-VOUGE-form-rộng-đẹp-tay-lỡ-oversize-áo-thun-unisex-tay-lỡ-hàn-quốc-cotton-basic-tee-i.452494906.15122184551?sp_atk=65b671c7-0530-495d-a436-dd9e9066d00b
Áo thun tay lỡ nam nữ áo phông unisex form rộng chất cotton mát mịn thấm hút mồ hôi in hình SPACE,[freesize],TRẮNG ĐEN TÍM BS ĐEN BS trắng,₫58.000,https://cf.shopee.vn/file/193b174bcefe59e1c3c34b0f8a96dff1_tn,https://cf.shopee.vn/file/11e8f7609758a2bb0f38d0074314b958_tn,https://cf.shopee.vn/file/67d8eeb5ef4bdd8ea1e6cc0c027ede3c_tn,https://cf.shopee.vn/file/d261fdf990d125b7bd4d33ba263fa655_tn,Áo thun,,Quận Bắc Từ Liêm Hà Nội,4.9 trên 5,https://shopee.vn/Áo-thun-tay-lỡ-nam-nữ-áo-phông-unisex-form-rộng-chất-cotton-mát-mịn-thấm-hút-mồ-hôi-in-hình-SPACE-i.32239491.2949230978?sp_atk=08382dc1-95b7-44da-b948-706fd82377ee
Áo thun tay lỡ ullzang OCEAN Dragon unisex Local brand - Áo phông nam nữ Ullzang Basic 100% Cotton - OCEAN.CLO,M từ (38 đến 65kg) L từ ( 66 đến 78kg) XL từ (79 đến 95kg),Đen in Tím Đen in Đỏ Xám Wash in Tím Xám Wash in Đỏ,₫219.000 - ₫249.000,https://cf.shopee.vn/file/75bd926c84231a0bc327cfa6d063ec2d_tn,https://cf.shopee.vn/file/2895928926d2acc812f2222323c2cf6a_tn,https://cf.shopee.vn/file/962f2f083dd1244f643431fdd394bfa4_tn,https://cf.shopee.vn/file/66b9785de5aff5bdbbce41e45e88eb22_tn,Áo thun,,Huyện Hóc Môn TP. Hồ Chí Minh,5 trên 5,https://shopee.vn/Áo-thun-tay-lỡ-ullzang-OCEAN-Dragon-unisex-Local-brand-Áo-phông-nam-nữ-Ullzang-Basic-100-Cotton-OCEAN.CLO-i.464504820.17353119656?sp_atk=a50bf802-7f28-4eff-9665-a3a9d454064f
Áo thun nam nữ unisex tay lỡ T32 áo phông tay form rộng oversize streetwear,,TS02-Đen TS02-Trắng TS01-Xám TS01-Đen TS01-Trắng AR01-Đen AR01-Trắng AR01-Xám AT,₫14.000 - ₫69.000,https://cf.shopee.vn/file/23a7306e496a3626a04fdf253179efc9_tn,https://cf.shopee.vn/file/dfe6862515c49ee455ee508d3e497e7b_tn,https://cf.shopee.vn/file/21d71d415e12326bce688f14e640238a_tn,https://cf.shopee.vn/file/9baee4a864b4950a7e80082efeeda580_tn,Áo Thun,,Quận Nam Từ Liêm Hà Nội,4.5 trên 5,https://shopee.vn/Áo-thun-nam-nữ-unisex-tay-lỡ-T32-áo-phông-tay-form-rộng-oversize-streetwear-i.540507906.13311712885?sp_atk=670d4e90-b456-4e48-9a82-2b17c755141c
,,,,,,,,,,,,https://shopee.vn/Áo-thun-nam-áo-phông-nam-nữ-unisex-form-rộng-tay-lỡ-100-cotton-co-giãn-4-chiều-siêu-cấp-HANLU_STORE01-MSP312-i.682792474.17638045620?sp_atk=e7dd18ca-a2e4-4178-9387-e56b8cd63cbe
Áo thun tay lỡ ullzang OCEAN Color v2 unisex Local brand - Áo phông nam nữ Ullzang Basic 100% Cotton - OCEAN.CLO,M từ (38 đến 65kg) L từ ( 66 đến 78kg) XL từ (79 đến 95kg),TRẮNG ĐEN XÁM WASH,₫185.000 - ₫225.000,https://cf.shopee.vn/file/1fdf7feeaf997eccd293303de3dd74a9_tn,https://cf.shopee.vn/file/fdd7916f64a6d794f4ad34ccc0663fe5_tn,https://cf.shopee.vn/file/fa5c3439a6241ad1318b298b8d738cdf_tn,https://cf.shopee.vn/file/bc663e81cf579ba44fa3e7a8388b8001_tn,Áo thun,,Huyện Hóc Môn TP. Hồ Chí Minh,5 trên 5,https://shopee.vn/Áo-thun-tay-lỡ-ullzang-OCEAN-Color-v2-unisex-Local-brand-Áo-phông-nam-nữ-Ullzang-Basic-100-Cotton-OCEAN.CLO-i.464504820.17253115915?sp_atk=006265da-b54c-4f39-aae4-f84fb47e0a3a
Áo thun unisex nam nữ form rộng Áo phông nam nữ unisex tay lỡ form rộng,Size M (40kg - 55kg) Size L (56kg - 75kg),Mặt Cười 1 Màu Đen Mặt Cười 1 Màu Trắng,₫39.000,https://cf.shopee.vn/file/ca41d68e50d16e9f159c9deb8fb797fd_tn,https://cf.shopee.vn/file/14b445eb8e512cf88256b69e72877013_tn,https://cf.shopee.vn/file/274d3db3507549b51ad2d4cb55a3b82c_tn,https://cf.shopee.vn/file/ca41d68e50d16e9f159c9deb8fb797fd_tn,Áo thun,,Nam Định,5 trên 5,https://shopee.vn/Áo-thun-unisex-nam-nữ-form-rộng-Áo-phông-nam-nữ-unisex-tay-lỡ-form-rộng-i.691391813.17054460146?sp_atk=3aa5c88a-2de3-485f-beb2-2d9d120121bb
Áo Phông Nam Form Rộng Oversize 2s Clothing Áo Thun Nam Form Rộng Basic Unisex Áo Cotton Oversize Street Style TV40,S M L XL XXL XXXL,Đen TV40 Trắng TV40 Xanh Rêu TV40 Tím Thanos TV40 Vàng Bò TV40 Lòng Tôm TV40 Bích TV40,₫79.000 - ₫85.000,https://cf.shopee.vn/file/cb0a2f207915cb0d053185de3050f065_tn,https://cf.shopee.vn/file/465abdf60f4b14b6b72694e6e9424fbb_tn,https://cf.shopee.vn/file/9fc03c6e2d9bfceb9937e8f043065652_tn,https://cf.shopee.vn/file/d3a2b4dab40bd85db279ba1dd980bf2c_tn,Áo Thun,2s Clothing,Huyện Mê Linh Hà Nội,4.9 trên 5,https://shopee.vn/Áo-Phông-Nam-Form-Rộng-Oversize-2s-Clothing-Áo-Thun-Nam-Form-Rộng-Basic-Unisex-Áo-Cotton-Oversize-Street-Style-TV40-i.391507922.6689935487?sp_atk=1d0cfa4d-426e-4a99-82dd-8d08371feff2
Áo thun tay lỡ SOBER WASH phông Unisex nam nữ Cotton oversize form rộng LUNACY TB11,S M L XL,SOBER WASH CDL CANDLES,₫249.000,https://cf.shopee.vn/file/0357241b5bbd397db575b0e0450b8daa_tn,https://cf.shopee.vn/file/9c9fb0da231180477e6f00fb964882fc_tn,https://cf.shopee.vn/file/b9004716052a8e41d7676fcf7c7b3141_tn,https://cf.shopee.vn/file/7865c1683c9b73a13cb7ff99511a8264_tn,Áo Thun,Lunacy,TP. Hồ Chí Minh,4.8 trên 5,https://shopee.vn/Áo-thun-tay-lỡ-SOBER-WASH-phông-Unisex-nam-nữ-Cotton-oversize-form-rộng-LUNACY-TB11-i.15106804.6888624260?sp_atk=ad8edf99-1e3e-493f-9ce8-9c51ee74a9db
Tee basic ss1 CREWZ áo thun tay lỡ unisex Local Brand - AO_THUN_DVR (V427),M L XL,Trắng Đen Hồng,₫89.000,https://cf.shopee.vn/file/81db3aec45e555ada18535a4f2383b88_tn,https://cf.shopee.vn/file/aebfc632f221440b6230c52f5f040691_tn,https://cf.shopee.vn/file/813bee3486f17bc75c2429523a9b317e_tn,https://cf.shopee.vn/file/b9b9bf537c866a66eab4caa6d1d13709_tn,Áo Thun,,Hà Nội,4.8 trên 5,https://shopee.vn/Tee-basic-ss1-CREWZ-áo-thun-tay-lỡ-unisex-Local-Brand-AO_THUN_DVR-(V427)-i.37101020.13482385000?sp_atk=e96ceea4-944d-4f13-a7c1-6cc535a42c45
Áo Phông Nam 2s Clothing Áo Thun Nam Form Rộng Cotton Oversize Basic Street Style Giá Rẻ In Hình Cực Ngầu TV106,S M L XL XXL XXXL,Đen TV106 Trắng TV106 Vàng Bò TV106 Xanh AVT TV106 Bích TV106,₫75.000 - ₫89.000,https://cf.shopee.vn/file/119c8c8d5ea3673710e887fd48fa1c3f_tn,https://cf.shopee.vn/file/5af8b4f670df6c96d63b78327a93a1a4_tn,https://cf.shopee.vn/file/0b4a34a94cc210c6421bc1b88f4c196e_tn,https://cf.shopee.vn/file/1f8daee813c11892d5bd8a4a68042d32_tn,Áo Thun,2s Clothing,Huyện Mê Linh Hà Nội,4.8 trên 5,https://shopee.vn/Áo-Phông-Nam-2s-Clothing-Áo-Thun-Nam-Form-Rộng-Cotton-Oversize-Basic-Street-Style-Giá-Rẻ-In-Hình-Cực-Ngầu-TV106-i.391507922.11706732819?sp_atk=10c94d0e-730d-4b8f-a5bf-688b769fd9f8
Áo thun form rộng Paradox tay lỡ - Unisex - In hình - MISSY - Trắng Đen,Đen Trắng,S M L XL,₫185.000,https://cf.shopee.vn/file/6fcc7b1ca12dc8ca91b92016914f8a90_tn,https://cf.shopee.vn/file/472fed113a3efd52cbd8a390ffb25b0b_tn,https://cf.shopee.vn/file/6a87f7a1f98af0e89e515127550a9e43_tn,https://cf.shopee.vn/file/e323b1b0d3e6cf140e39becff7b4966e_tn,Áo Thun,PARADOX,TP. Hồ Chí Minh,4.6 trên 5,https://shopee.vn/Áo-thun-form-rộng-Paradox-tay-lỡ-Unisex-In-hình-MISSY-Trắng-Đen-i.318031417.12153222150?sp_atk=27585215-c911-4880-81b5-959af36298c9
